

Base URL of stocks page with all links: replace 
https://economictimes.indiatimes.com/markets/stocks/stock-quotes?ticker=a


Pull all stocks list for the page like fro  page of companies starting with 'a', also pull name from here in python code
<ul class="companyList">
<li><a target="_blank" href="/axis-bank-ltd/stocks/companyid-9175.cms">Axis Bank Ltd.</a></li><li><a target="_blank" href="/asian-paints-ltd/stocks/companyid-14034.cms">Asian Paints Ltd.</a></li><li><a target="_blank" href="/adani-ports-&amp;-special-economic-zone-ltd/stocks/companyid-20316.cms">Adani Ports &amp; Special Economic Zone Ltd.</a></li><li><a target="_blank" href="/avenue-supermarts-ltd/stocks/companyid-45987.cms">Avenue Supermarts Ltd.</a></li><li><a target="_blank" href="/ambuja-cements-ltd/stocks/companyid-13643.cms">Ambuja Cements Ltd.</a></li><li><a target="_blank" href="/aurobindo-pharma-ltd/stocks/companyid-8279.cms">Aurobindo Pharma Ltd.</a></li><li><a target="_blank" href="/acc-ltd/stocks/companyid-6.cms">ACC Ltd.</a></li><li><a target="_blank" href="/ashok-leyland-ltd/stocks/companyid-14041.cms">Ashok Leyland Ltd.</a></li><li><a target="_blank" href="/abb-india-ltd/stocks/companyid-14040.cms">ABB India Ltd.</a></li><li><a target="_blank" href="/aditya-birla-nuvo-ltd/stocks/companyid-13592.cms">Aditya Birla Nuvo Ltd.</a></li><li><a target="_blank" href="/alkem-laboratories-ltd/stocks/companyid-15059.cms">Alkem Laboratories Ltd.</a></li><li><a target="_blank" href="/apollo-hospitals-enterprise-ltd/stocks/companyid-62.cms">Apollo Hospitals Enterprise Ltd.</a></li><li><a target="_blank" href="/au-small-finance-bank-ltd/stocks/companyid-66288.cms">Au Small Finance Bank Ltd.</a></li><li><a target="_blank" href="/adani-enterprises-ltd/stocks/companyid-9074.cms">Adani Enterprises Ltd.</a></li><li><a target="_blank" href="/amara-raja-batteries-ltd/stocks/companyid-12713.cms">Amara Raja Batteries Ltd.</a></li><li><a target="_blank" href="/aditya-birla-fashion-and-retail-ltd/stocks/companyid-46091.cms">Aditya Birla Fashion and Retail Ltd.</a></li><li><a target="_blank" href="/adani-transmission-ltd/stocks/companyid-57724.cms">Adani Transmission Ltd.</a></li><li><a target="_blank" href="/aia-engineering-ltd/stocks/companyid-17637.cms">AIA Engineering Ltd.</a></li><li><a target="_blank" href="/ajanta-pharma-ltd/stocks/companyid-3723.cms">Ajanta Pharma Ltd.</a></li><li><a target="_blank" href="/apollo-tyres-ltd/stocks/companyid-63.cms">Apollo Tyres Ltd.</a></li><li><a target="_blank" href="/adani-power-ltd/stocks/companyid-23479.cms">Adani Power Ltd.</a></li><li><a target="_blank" href="/alembic-pharmaceuticals-ltd/stocks/companyid-34421.cms">Alembic Pharmaceuticals Ltd.</a></li><li><a target="_blank" href="/arvind-ltd/stocks/companyid-14037.cms">Arvind Ltd.</a></li><li><a target="_blank" href="/abbott-india-ltd/stocks/companyid-13937.cms">Abbott India Ltd.</a></li><li><a target="_blank" href="/akzo-nobel-india-ltd/stocks/companyid-13601.cms">Akzo Nobel India Ltd.</a></li><li><a target="_blank" href="/aarti-industries-ltd/stocks/companyid-11400.cms">Aarti Industries Ltd.</a></li><li><a target="_blank" href="/astral-poly-technik-ltd/stocks/companyid-15686.cms">Astral Poly Technik Ltd.</a></li><li><a target="_blank" href="/avanti-feeds-ltd/stocks/companyid-6724.cms">Avanti Feeds Ltd.</a></li><li><a target="_blank" href="/atul-ltd/stocks/companyid-14027.cms">Atul Ltd.</a></li><li><a target="_blank" href="/aegis-logistics-ltd/stocks/companyid-23.cms">Aegis Logistics Ltd.</a></li><li><a target="_blank" href="/asahi-india-glass-ltd/stocks/companyid-14039.cms">Asahi India Glass Ltd.</a></li><li><a target="_blank" href="/atlas-copco-(india)-ltd/stocks/companyid-14026.cms">Atlas Copco (India) Ltd.</a></li><li><a target="_blank" href="/allahabad-bank/stocks/companyid-12284.cms">Allahabad Bank</a></li><li><a target="_blank" href="/allcargo-logistics-ltd/stocks/companyid-17998.cms">Allcargo Logistics Ltd.</a></li><li><a target="_blank" href="/andhra-bank/stocks/companyid-12034.cms">Andhra Bank</a></li><li><a target="_blank" href="/advanced-enzyme-technologies-ltd/stocks/companyid-34500.cms">Advanced Enzyme Technologies Ltd.</a></li><li><a target="_blank" href="/apl-apollo-tubes-ltd/stocks/companyid-6683.cms">APL Apollo Tubes Ltd.</a></li><li><a target="_blank" href="/ashoka-buildcon-ltd/stocks/companyid-21608.cms">Ashoka Buildcon Ltd.</a></li><li><a target="_blank" href="/apar-industries-ltd/stocks/companyid-12150.cms">Apar Industries Ltd.</a></li><li><a target="_blank" href="/astrazeneca-pharma-india-ltd/stocks/companyid-13987.cms">AstraZeneca Pharma India Ltd.</a></li><li><a target="_blank" href="/accelya-kale-solutions-ltd/stocks/companyid-4342.cms">Accelya Kale Solutions Ltd.</a></li><li><a target="_blank" href="/anant-raj-ltd/stocks/companyid-12130.cms">Anant Raj Ltd.</a></li><li><a target="_blank" href="/ahluwalia-contracts-(india)-ltd/stocks/companyid-5704.cms">Ahluwalia Contracts (India) Ltd.</a></li><li><a target="_blank" href="/ashiana-housing-ltd/stocks/companyid-11280.cms">Ashiana Housing Ltd.</a></li><li><a target="_blank" href="/aditya-birla-money-ltd/stocks/companyid-15854.cms">Aditya Birla Money Ltd.</a></li><li><a target="_blank" href="/andrew-yule-&amp;-company-ltd/stocks/companyid-12526.cms">Andrew Yule &amp; Company Ltd.</a></li><li><a target="_blank" href="/aarti-drugs-ltd/stocks/companyid-10801.cms">Aarti Drugs Ltd.</a></li><li><a target="_blank" href="/asian-granito-india-ltd/stocks/companyid-19654.cms">Asian Granito India Ltd.</a></li><li><a target="_blank" href="/agro-tech-foods-ltd/stocks/companyid-12158.cms">Agro Tech Foods Ltd.</a></li><li><a target="_blank" href="/astra-microwave-products-ltd/stocks/companyid-8458.cms">Astra Microwave Products Ltd.</a></li><li><a target="_blank" href="/asian-star-company-ltd/stocks/companyid-5698.cms">Asian Star Company Ltd.</a></li><li><a target="_blank" href="/automotive-axles-ltd/stocks/companyid-13984.cms">Automotive Axles Ltd.</a></li><li><a target="_blank" href="/astec-lifesciences-ltd/stocks/companyid-19863.cms">Astec Lifesciences Ltd.</a></li><li><a target="_blank" href="/aban-offshore-ltd/stocks/companyid-11.cms">Aban Offshore Ltd.</a></li><li><a target="_blank" href="/arshiya-ltd/stocks/companyid-11721.cms">Arshiya Ltd.</a></li><li><a target="_blank" href="/alembic-ltd/stocks/companyid-31.cms">Alembic Ltd.</a></li><li><a target="_blank" href="/amrutanjan-health-care-ltd/stocks/companyid-49.cms">Amrutanjan Health Care Ltd.</a></li><li><a target="_blank" href="/atul-auto-ltd/stocks/companyid-5864.cms">Atul Auto Ltd.</a></li><li><a target="_blank" href="/andhra-sugars-ltd/stocks/companyid-12612.cms">Andhra Sugars Ltd.</a></li><li><a target="_blank" href="/apcotex-industries-ltd/stocks/companyid-10778.cms">Apcotex Industries Ltd.</a></li><li><a target="_blank" href="/alkyl-amines-chemicals-ltd/stocks/companyid-34.cms">Alkyl Amines Chemicals Ltd.</a></li><li><a target="_blank" href="/atlanta-ltd/stocks/companyid-15487.cms">Atlanta Ltd.</a></li><li><a target="_blank" href="/action-construction-equipment-ltd/stocks/companyid-17664.cms">Action Construction Equipment Ltd.</a></li><li><a target="_blank" href="/ashapura-intimates-fashion-ltd/stocks/companyid-45125.cms">Ashapura Intimates Fashion Ltd.</a></li><li><a target="_blank" href="/aptech-ltd/stocks/companyid-2725.cms">Aptech Ltd.</a></li><li><a target="_blank" href="/arihant-superstructures-ltd/stocks/companyid-1760.cms">Arihant Superstructures Ltd.</a></li><li><a target="_blank" href="/arcotech-ltd/stocks/companyid-12098.cms">Arcotech Ltd.</a></li><li><a target="_blank" href="/ambika-cotton-mills-ltd/stocks/companyid-5598.cms">Ambika Cotton Mills Ltd.</a></li><li><a target="_blank" href="/amtek-auto-ltd/stocks/companyid-50.cms">Amtek Auto Ltd.</a></li><li><a target="_blank" href="/ajmera-realty-&amp;-infra-india-ltd/stocks/companyid-12071.cms">Ajmera Realty &amp; Infra India Ltd.</a></li><li><a target="_blank" href="/atlas-jewellery-india-ltd/stocks/companyid-9040.cms">Atlas Jewellery India Ltd.</a></li><li><a target="_blank" href="/agarwal-industrial-corporation-ltd/stocks/companyid-4555.cms">Agarwal Industrial Corporation Ltd.</a></li><li><a target="_blank" href="/alicon-castalloy-ltd/stocks/companyid-7214.cms">Alicon Castalloy Ltd.</a></li><li><a target="_blank" href="/arrow-greentech-ltd/stocks/companyid-8437.cms">Arrow Greentech Ltd.</a></li><li><a target="_blank" href="/avt-natural-products-ltd/stocks/companyid-4.cms">AVT Natural Products Ltd.</a></li><li><a target="_blank" href="/a2z-infra-engineering-ltd/stocks/companyid-33061.cms">A2Z Infra Engineering Ltd.</a></li><li><a target="_blank" href="/aksharchem-(india)-ltd/stocks/companyid-8634.cms">AksharChem (India) Ltd.</a></li><li><a target="_blank" href="/anjani-portland-cement-ltd/stocks/companyid-10966.cms">Anjani Portland Cement Ltd.</a></li><li><a target="_blank" href="/adlabs-entertainment-ltd/stocks/companyid-59103.cms">Adlabs Entertainment Ltd.</a></li><li><a target="_blank" href="/axiscades-engineering-technologies-ltd/stocks/companyid-3329.cms">AXISCADES Engineering Technologies Ltd.</a></li><li><a target="_blank" href="/alphageo-(india)-ltd/stocks/companyid-10454.cms">Alphageo (India) Ltd.</a></li><li><a target="_blank" href="/ador-welding-ltd/stocks/companyid-22.cms">Ador Welding Ltd.</a></li><li><a target="_blank" href="/adf-foods-ltd/stocks/companyid-12051.cms">ADF Foods Ltd.</a></li><li><a target="_blank" href="/alankit-ltd/stocks/companyid-7370.cms">Alankit Ltd.</a></li><li><a target="_blank" href="/ashapura-minechem-ltd/stocks/companyid-10674.cms">Ashapura Minechem Ltd.</a></li><li><a target="_blank" href="/asian-oilfield-services-ltd/stocks/companyid-7857.cms">Asian Oilfield Services Ltd.</a></li><li><a target="_blank" href="/abc-bearings-ltd/stocks/companyid-61.cms">ABC Bearings Ltd.</a></li><li><a target="_blank" href="/automobile-corporation-of-goa-ltd/stocks/companyid-14023.cms">Automobile Corporation Of Goa Ltd.</a></li><li><a target="_blank" href="/allsec-technologies-ltd/stocks/companyid-4119.cms">Allsec Technologies Ltd.</a></li><li><a target="_blank" href="/adhunik-industries-ltd/stocks/companyid-45181.cms">Adhunik Industries Ltd.</a></li><li><a target="_blank" href="/appu-marketing-&amp;-manufacturing-ltd/stocks/companyid-57566.cms">Appu Marketing &amp; Manufacturing Ltd.</a></li><li><a target="_blank" href="/anuh-pharma-ltd/stocks/companyid-11889.cms">Anuh Pharma Ltd.</a></li><li><a target="_blank" href="/ansal-properties-&amp;-infrastructure-ltd/stocks/companyid-11109.cms">Ansal Properties &amp; Infrastructure Ltd.</a></li><li><a target="_blank" href="/arvind-smartspaces-ltd/stocks/companyid-32615.cms">Arvind SmartSpaces Ltd.</a></li><li><a target="_blank" href="/alok-industries-ltd/stocks/companyid-10648.cms">Alok Industries Ltd.</a></li><li><a target="_blank" href="/asahi-songwon-colors-ltd/stocks/companyid-19051.cms">Asahi Songwon Colors Ltd.</a></li><li><a target="_blank" href="/aksh-optifibre-ltd/stocks/companyid-3559.cms">Aksh Optifibre Ltd.</a></li><li><a target="_blank" href="/agc-networks-ltd/stocks/companyid-12930.cms">AGC Networks Ltd.</a></li><li><a target="_blank" href="/ak-capital-services-ltd/stocks/companyid-4896.cms">AK Capital Services Ltd.</a></li><li><a target="_blank" href="/asian-hotels-(east)-ltd/stocks/companyid-22877.cms">Asian Hotels (East) Ltd.</a></li><li><a target="_blank" href="/associated-stone-industries-(kotah)-ltd/stocks/companyid-13986.cms">Associated Stone Industries (Kotah) Ltd.</a></li><li><a target="_blank" href="/andhra-cements-ltd/stocks/companyid-52.cms">Andhra Cements Ltd.</a></li><li><a target="_blank" href="/aym-syntex-ltd/stocks/companyid-11314.cms">AYM Syntex Ltd.</a></li><li><a target="_blank" href="/associated-alcohols-&amp;-breweries-ltd/stocks/companyid-8442.cms">Associated Alcohols &amp; Breweries Ltd.</a></li><li><a target="_blank" href="/abm-knowledgeware-ltd/stocks/companyid-7231.cms">ABM Knowledgeware Ltd.</a></li><li><a target="_blank" href="/aurionpro-solutions-ltd/stocks/companyid-17605.cms">Aurionpro Solutions Ltd.</a></li><li><a target="_blank" href="/advani-hotels-&amp;-resorts-(india)-ltd/stocks/companyid-12577.cms">Advani Hotels &amp; Resorts (India) Ltd.</a></li><li><a target="_blank" href="/asian-hotels-(north)-ltd/stocks/companyid-14033.cms">Asian Hotels (North) Ltd.</a></li><li><a target="_blank" href="/ashima-ltd/stocks/companyid-10750.cms">Ashima Ltd.</a></li><li><a target="_blank" href="/amines-&amp;-plasticizers-ltd/stocks/companyid-43.cms">Amines &amp; Plasticizers Ltd.</a></li><li><a target="_blank" href="/artson-engineering-ltd/stocks/companyid-11145.cms">Artson Engineering Ltd.</a></li><li><a target="_blank" href="/archidply-industries-ltd/stocks/companyid-21502.cms">Archidply Industries Ltd.</a></li><li><a target="_blank" href="/aarey-drugs-&amp;-pharmaceuticals-ltd/stocks/companyid-10593.cms">Aarey Drugs &amp; Pharmaceuticals Ltd.</a></li><li><a target="_blank" href="/acrysil-ltd/stocks/companyid-15.cms">Acrysil Ltd.</a></li><li><a target="_blank" href="/alliance-integrated-metaliks-ltd/stocks/companyid-2423.cms">Alliance Integrated Metaliks Ltd.</a></li><li><a target="_blank" href="/andhra-petrochemicals-ltd/stocks/companyid-12209.cms">Andhra Petrochemicals Ltd.</a></li><li><a target="_blank" href="/assam-company-(india)-ltd/stocks/companyid-14042.cms">Assam Company (India) Ltd.</a></li><li><a target="_blank" href="/amrit-corp-ltd/stocks/companyid-47.cms">Amrit Corp. Ltd.</a></li><li><a target="_blank" href="/arfin-india-ltd/stocks/companyid-5534.cms">Arfin India Ltd.</a></li><li><a target="_blank" href="/aries-agro-ltd/stocks/companyid-20477.cms">Aries Agro Ltd.</a></li><li><a target="_blank" href="/agi-infra-ltd/stocks/companyid-59173.cms">AGI Infra Ltd.</a></li><li><a target="_blank" href="/asian-hotels-(west)-ltd/stocks/companyid-22876.cms">Asian Hotels (West) Ltd.</a></li><li><a target="_blank" href="/albert-david-ltd/stocks/companyid-12765.cms">Albert David Ltd.</a></li><li><a target="_blank" href="/arihant-capital-markets-ltd/stocks/companyid-8664.cms">Arihant Capital Markets Ltd.</a></li><li><a target="_blank" href="/airan-ltd/stocks/companyid-65729.cms">Airan Ltd.</a></li><li><a target="_blank" href="/aspinwall-and-company-ltd/stocks/companyid-11879.cms">Aspinwall and Company Ltd.</a></li><li><a target="_blank" href="/accel-frontline-ltd/stocks/companyid-1181.cms">Accel Frontline Ltd.</a></li><li><a target="_blank" href="/ador-fontech-ltd/stocks/companyid-8529.cms">Ador Fontech Ltd.</a></li><li><a target="_blank" href="/aplaya-creations-ltd/stocks/companyid-3978.cms">Aplaya Creations Ltd.</a></li><li><a target="_blank" href="/ansal-housing-&amp;-construction-ltd/stocks/companyid-60.cms">Ansal Housing &amp; Construction Ltd.</a></li><li><a target="_blank" href="/amulya-leasing-&amp;-finance-ltd/stocks/companyid-5962.cms">Amulya Leasing &amp; Finance Ltd.</a></li><li><a target="_blank" href="/adcc-infocad-ltd/stocks/companyid-49148.cms">ADCC Infocad Ltd.</a></li><li><a target="_blank" href="/aimco-pesticides-ltd/stocks/companyid-11027.cms">Aimco Pesticides Ltd.</a></li><li><a target="_blank" href="/atishay-ltd/stocks/companyid-57581.cms">Atishay Ltd.</a></li><li><a target="_blank" href="/aarvee-denims-and-exports-ltd/stocks/companyid-5136.cms">Aarvee Denims and Exports Ltd.</a></li><li><a target="_blank" href="/arman-financial-services-ltd/stocks/companyid-7132.cms">Arman Financial Services Ltd.</a></li><li><a target="_blank" href="/alps-motor-finance-ltd/stocks/companyid-6234.cms">Alps Motor Finance Ltd.</a></li><li><a target="_blank" href="/amba-enterprises-ltd/stocks/companyid-5227.cms">Amba Enterprises Ltd.</a></li><li><a target="_blank" href="/automotive-stampings-and-assemblies-ltd/stocks/companyid-10371.cms">Automotive Stampings and Assemblies Ltd.</a></li><li><a target="_blank" href="/amarjothi-spinning-mills-ltd/stocks/companyid-10998.cms">Amarjothi Spinning Mills Ltd.</a></li><li><a target="_blank" href="/abg-shipyard-ltd/stocks/companyid-16817.cms">ABG Shipyard Ltd.</a></li><li><a target="_blank" href="/apm-industries-ltd/stocks/companyid-12530.cms">APM Industries Ltd.</a></li><li><a target="_blank" href="/allied-digital-services-ltd/stocks/companyid-1237.cms">Allied Digital Services Ltd.</a></li><li><a target="_blank" href="/axtel-industries-ltd/stocks/companyid-11039.cms">Axtel Industries Ltd.</a></li><li><a target="_blank" href="/abm-international-ltd/stocks/companyid-2449.cms">ABM International Ltd.</a></li><li><a target="_blank" href="/adc-india-communications-ltd/stocks/companyid-11986.cms">ADC India Communications Ltd.</a></li><li><a target="_blank" href="/aro-granite-industries-ltd/stocks/companyid-8309.cms">Aro Granite Industries Ltd.</a></li><li><a target="_blank" href="/atlas-cycles-(haryana)-ltd/stocks/companyid-14002.cms">Atlas Cycles (Haryana) Ltd.</a></li><li><a target="_blank" href="/arnold-holdings-ltd/stocks/companyid-49412.cms">Arnold Holdings Ltd.</a></li><li><a target="_blank" href="/archies-ltd/stocks/companyid-5657.cms">Archies Ltd.</a></li><li><a target="_blank" href="/arc-finance-ltd/stocks/companyid-65163.cms">ARC Finance Ltd.</a></li><li><a target="_blank" href="/aci-infocom-ltd/stocks/companyid-10644.cms">ACI Infocom Ltd.</a></li><li><a target="_blank" href="/apollo-sindoori-hotels-ltd/stocks/companyid-1057.cms">Apollo Sindoori Hotels Ltd.</a></li><li><a target="_blank" href="/avantel-ltd/stocks/companyid-3786.cms">Avantel Ltd.</a></li><li><a target="_blank" href="/autoline-industries-ltd/stocks/companyid-18866.cms">Autoline Industries Ltd.</a></li><li><a target="_blank" href="/amal-ltd/stocks/companyid-37.cms">Amal Ltd.</a></li><li><a target="_blank" href="/arss-infrastructure-projects-ltd/stocks/companyid-30991.cms">ARSS Infrastructure Projects Ltd.</a></li><li><a target="_blank" href="/akme-star-housing-finance-ltd/stocks/companyid-59085.cms">Akme Star Housing Finance Ltd.</a></li><li><a target="_blank" href="/amrapali-fincap-ltd/stocks/companyid-61060.cms">Amrapali Fincap Ltd.</a></li><li><a target="_blank" href="/arrow-textiles-ltd/stocks/companyid-26644.cms">Arrow Textiles Ltd.</a></li><li><a target="_blank" href="/anar-industries-ltd/stocks/companyid-7218.cms">Anar Industries Ltd.</a></li><li><a target="_blank" href="/anik-industries-ltd/stocks/companyid-10222.cms">Anik Industries Ltd.</a></li><li><a target="_blank" href="/autolite-(india)-ltd/stocks/companyid-14024.cms">Autolite (India) Ltd.</a></li><li><a target="_blank" href="/alkali-metals-ltd/stocks/companyid-22730.cms">Alkali Metals Ltd.</a></li><li><a target="_blank" href="/aunde-india-ltd/stocks/companyid-2877.cms">AUNDE India Ltd.</a></li><li><a target="_blank" href="/aditya-consumer-marketing-ltd/stocks/companyid-65142.cms">Aditya Consumer Marketing Ltd.</a></li><li><a target="_blank" href="/alpa-laboratories-ltd/stocks/companyid-18606.cms">Alpa Laboratories Ltd.</a></li><li><a target="_blank" href="/archit-organosys-ltd/stocks/companyid-5127.cms">Archit Organosys Ltd.</a></li><li><a target="_blank" href="/adhunik-metaliks-ltd/stocks/companyid-17665.cms">Adhunik Metaliks Ltd.</a></li><li><a target="_blank" href="/adhbhut-infrastructure-ltd/stocks/companyid-1763.cms">Adhbhut Infrastructure Ltd.</a></li><li><a target="_blank" href="/akash-infra-projects-ltd/stocks/companyid-60181.cms">Akash Infra-Projects Ltd.</a></li><li><a target="_blank" href="/alfred-herbert-(india)-ltd/stocks/companyid-12032.cms">Alfred Herbert (India) Ltd.</a></li><li><a target="_blank" href="/ambition-mica-ltd/stocks/companyid-60557.cms">Ambition Mica Ltd.</a></li><li><a target="_blank" href="/ambalal-sarabhai-enterprises-ltd/stocks/companyid-39.cms">Ambalal Sarabhai Enterprises Ltd.</a></li><li><a target="_blank" href="/ajanta-soya-ltd/stocks/companyid-10954.cms">Ajanta Soya Ltd.</a></li><li><a target="_blank" href="/asya-infosoft-ltd/stocks/companyid-5781.cms">Asya Infosoft Ltd.</a></li><li><a target="_blank" href="/ansal-buildwell-ltd/stocks/companyid-11966.cms">Ansal Buildwell Ltd.</a></li><li><a target="_blank" href="/almondz-global-securities-ltd/stocks/companyid-6615.cms">Almondz Global Securities Ltd.</a></li><li><a target="_blank" href="/ai-champdany-industries-ltd/stocks/companyid-12381.cms">AI Champdany Industries Ltd.</a></li><li><a target="_blank" href="/abhinav-capital-services-ltd/stocks/companyid-5362.cms">Abhinav Capital Services Ltd.</a></li><li><a target="_blank" href="/akar-tools-ltd/stocks/companyid-7730.cms">Akar Tools Ltd.</a></li><li><a target="_blank" href="/abc-india-ltd/stocks/companyid-12054.cms">ABC India Ltd.</a></li><li><a target="_blank" href="/amd-industries-ltd/stocks/companyid-15806.cms">AMD Industries Ltd.</a></li><li><a target="_blank" href="/asm-technologies-ltd/stocks/companyid-6984.cms">ASM Technologies Ltd.</a></li><li><a target="_blank" href="/aditya-vision-ltd/stocks/companyid-65386.cms">Aditya Vision Ltd.</a></li><li><a target="_blank" href="/auro-laboratories-ltd/stocks/companyid-7972.cms">Auro Laboratories Ltd.</a></li><li><a target="_blank" href="/anil-ltd/stocks/companyid-591.cms">Anil Ltd.</a></li><li><a target="_blank" href="/arihant-foundations-&amp;-housing-ltd/stocks/companyid-6672.cms">Arihant Foundations &amp; Housing Ltd.</a></li><li><a target="_blank" href="/aroni-commercials-ltd/stocks/companyid-11875.cms">Aroni Commercials Ltd.</a></li><li><a target="_blank" href="/atharv-enterprises-ltd/stocks/companyid-7990.cms">Atharv Enterprises Ltd.</a></li><li><a target="_blank" href="/agro-phos-india-ltd/stocks/companyid-65225.cms">Agro Phos India Ltd.</a></li><li><a target="_blank" href="/aditya-birla-minacs-it-services-ltd/stocks/companyid-13299.cms">Aditya Birla Minacs IT Services Ltd.</a></li><li><a target="_blank" href="/advance-metering-technology-ltd/stocks/companyid-41091.cms">Advance Metering Technology Ltd.</a></li><li><a target="_blank" href="/ashok-alco-chem-ltd/stocks/companyid-9016.cms">Ashok Alco-Chem Ltd.</a></li><li><a target="_blank" href="/avonmore-capital-&amp;-management-services-ltd/stocks/companyid-10556.cms">Avonmore Capital &amp; Management Services Ltd.</a></li><li><a target="_blank" href="/atv-projects-india-ltd/stocks/companyid-9.cms">ATV Projects India Ltd.</a></li><li><a target="_blank" href="/alufluoride-ltd/stocks/companyid-9119.cms">Alufluoride Ltd.</a></li><li><a target="_blank" href="/alpine-housing-development-corporation-ltd/stocks/companyid-3612.cms">Alpine Housing Development Corporation Ltd.</a></li><li><a target="_blank" href="/alora-trading-company-ltd/stocks/companyid-63957.cms">Alora Trading Company Ltd.</a></li><li><a target="_blank" href="/aryaman-financial-services-ltd/stocks/companyid-8024.cms">Aryaman Financial Services Ltd.</a></li><li><a target="_blank" href="/a-infrastructure-ltd/stocks/companyid-6803.cms">A Infrastructure Ltd.</a></li><li><a target="_blank" href="/agri-tech-(india)-ltd/stocks/companyid-50719.cms">Agri-Tech (India) Ltd.</a></li><li><a target="_blank" href="/avance-technologies-ltd/stocks/companyid-4419.cms">Avance Technologies Ltd.</a></li><li><a target="_blank" href="/aurangabad-distillery-ltd/stocks/companyid-65143.cms">Aurangabad Distillery Ltd.</a></li><li><a target="_blank" href="/ak-spintex-ltd/stocks/companyid-6964.cms">AK Spintex Ltd.</a></li><li><a target="_blank" href="/ausom-enterprise-ltd/stocks/companyid-11316.cms">Ausom Enterprise Ltd.</a></li><li><a target="_blank" href="/asl-industries-ltd/stocks/companyid-60527.cms">ASL Industries Ltd.</a></li><li><a target="_blank" href="/arex-industries-ltd/stocks/companyid-8166.cms">Arex Industries Ltd.</a></li><li><a target="_blank" href="/acme-resources-ltd/stocks/companyid-2185.cms">Acme Resources Ltd.</a></li><li><a target="_blank" href="/amrapali-industries-ltd/stocks/companyid-10820.cms">Amrapali Industries Ltd.</a></li><li><a target="_blank" href="/acknit-industries-ltd/stocks/companyid-8054.cms">Acknit Industries Ltd.</a></li><li><a target="_blank" href="/authum-investment-&amp;-infrastructure-ltd/stocks/companyid-60439.cms">Authum Investment &amp; Infrastructure Ltd.</a></li><li><a target="_blank" href="/aristocrat-luggage-ltd[merged]/stocks/companyid-12871.cms">Aristocrat Luggage Ltd.[Merged]</a></li><li><a target="_blank" href="/athena-global-technologies-ltd/stocks/companyid-10494.cms">Athena Global Technologies Ltd.</a></li><li><a target="_blank" href="/aryaman-capital-markets-ltd/stocks/companyid-57545.cms">Aryaman Capital Markets Ltd.</a></li><li><a target="_blank" href="/anjani-synthetics-ltd/stocks/companyid-7029.cms">Anjani Synthetics Ltd.</a></li><li><a target="_blank" href="/amrapali-capital-&amp;-finance-services-ltd/stocks/companyid-47825.cms">Amrapali Capital &amp; Finance Services Ltd.</a></li><li><a target="_blank" href="/ace-integrated-solutions-ltd/stocks/companyid-66301.cms">Ace Integrated Solutions Ltd.</a></li><li><a target="_blank" href="/antarctica-ltd/stocks/companyid-8702.cms">Antarctica Ltd.</a></li><li><a target="_blank" href="/alfa-ica-(india)-ltd/stocks/companyid-11071.cms">Alfa Ica (India) Ltd.</a></li><li><a target="_blank" href="/aanchal-ispat-ltd/stocks/companyid-58193.cms">Aanchal Ispat Ltd.</a></li><li><a target="_blank" href="/austin-engineering-company-ltd/stocks/companyid-14020.cms">Austin Engineering Company Ltd.</a></li><li><a target="_blank" href="/alps-industries-ltd/stocks/companyid-7696.cms">Alps Industries Ltd.</a></li><li><a target="_blank" href="/ashika-credit-capital-ltd/stocks/companyid-3335.cms">Ashika Credit Capital Ltd.</a></li><li><a target="_blank" href="/accord-synergy-ltd/stocks/companyid-66278.cms">Accord Synergy Ltd.</a></li><li><a target="_blank" href="/art-nirman-ltd/stocks/companyid-65140.cms">Art Nirman Ltd.</a></li><li><a target="_blank" href="/alexander-stamps-and-coin-ltd/stocks/companyid-10526.cms">Alexander Stamps and Coin Ltd.</a></li><li><a target="_blank" href="/amsons-apparels-ltd/stocks/companyid-58805.cms">Amsons Apparels Ltd.</a></li><li><a target="_blank" href="/alchemist-ltd/stocks/companyid-6807.cms">Alchemist Ltd.</a></li><li><a target="_blank" href="/asit-c-mehta-financial-services-ltd/stocks/companyid-7691.cms">Asit C Mehta Financial Services Ltd.</a></li><li><a target="_blank" href="/ans-industries-ltd/stocks/companyid-6755.cms">ANS Industries Ltd.</a></li><li><a target="_blank" href="/athena-constructions-ltd/stocks/companyid-59440.cms">Athena Constructions Ltd.</a></li><li><a target="_blank" href="/apple-finance-ltd/stocks/companyid-64.cms">Apple Finance Ltd.</a></li><li><a target="_blank" href="/aroma-enterprises-(india)-ltd/stocks/companyid-6180.cms">Aroma Enterprises (India) Ltd.</a></li><li><a target="_blank" href="/anubhav-infrastructure-ltd/stocks/companyid-58162.cms">Anubhav Infrastructure Ltd.</a></li><li><a target="_blank" href="/alchemist-realty-ltd/stocks/companyid-5183.cms">Alchemist Realty Ltd.</a></li><li><a target="_blank" href="/ad-manum-finance-ltd/stocks/companyid-10774.cms">Ad-Manum Finance Ltd.</a></li><li><a target="_blank" href="/advance-syntex-ltd/stocks/companyid-45607.cms">Advance Syntex Ltd.</a></li><li><a target="_blank" href="/ashnoor-textile-mills-ltd/stocks/companyid-13668.cms">Ashnoor Textile Mills Ltd.</a></li><li><a target="_blank" href="/alfa-transformers-ltd/stocks/companyid-7224.cms">Alfa Transformers Ltd.</a></li><li><a target="_blank" href="/artefact-projects-ltd/stocks/companyid-7007.cms">Artefact Projects Ltd.</a></li><li><a target="_blank" href="/anisha-impex-ltd/stocks/companyid-51601.cms">Anisha Impex Ltd.</a></li><li><a target="_blank" href="/ankit-metal-&amp;-power-ltd/stocks/companyid-19146.cms">Ankit Metal &amp; Power Ltd.</a></li><li><a target="_blank" href="/aqua-pumps-infra-ventures-ltd/stocks/companyid-6636.cms">Aqua Pumps Infra Ventures Ltd.</a></li><li><a target="_blank" href="/advik-industries-ltd/stocks/companyid-29123.cms">Advik Industries Ltd.</a></li><li><a target="_blank" href="/alfavision-overseas-(india)-ltd/stocks/companyid-7256.cms">Alfavision Overseas (India) Ltd.</a></li><li><a target="_blank" href="/asian-tea-exports-ltd/stocks/companyid-8954.cms">Asian Tea Exports Ltd.</a></li><li><a target="_blank" href="/ajwa-fun-world-&amp;-resorts-ltd/stocks/companyid-8874.cms">Ajwa Fun World &amp; Resorts Ltd.</a></li><li><a target="_blank" href="/avsl-industries-ltd/stocks/companyid-65061.cms">AVSL Industries Ltd.</a></li><li><a target="_blank" href="/arambhan-hospitality-services-ltd/stocks/companyid-61094.cms">Arambhan Hospitality Services Ltd.</a></li><li><a target="_blank" href="/alacrity-securities-ltd/stocks/companyid-46652.cms">Alacrity Securities Ltd.</a></li><li><a target="_blank" href="/aayush-food-&amp;-herbs-ltd/stocks/companyid-35056.cms">Aayush Food &amp; Herbs Ltd.</a></li><li><a target="_blank" href="/avon-lifesciences-ltd/stocks/companyid-6382.cms">Avon Lifesciences Ltd.</a></li><li><a target="_blank" href="/abhinav-leasing-&amp;-finance-ltd/stocks/companyid-2448.cms">Abhinav Leasing &amp; Finance Ltd.</a></li><li><a target="_blank" href="/ashirwad-steels-&amp;-industries-ltd/stocks/companyid-8216.cms">Ashirwad Steels &amp; Industries Ltd.</a></li><li><a target="_blank" href="/aditya-spinners-ltd/stocks/companyid-10350.cms">Aditya Spinners Ltd.</a></li><li><a target="_blank" href="/artech-power-&amp;-trading-ltd/stocks/companyid-9094.cms">Artech Power &amp; Trading Ltd.</a></li><li><a target="_blank" href="/amco-india-ltd/stocks/companyid-8104.cms">Amco India Ltd.</a></li><li><a target="_blank" href="/allied-computers-international-(asia)-ltd/stocks/companyid-18704.cms">Allied Computers International (Asia) Ltd.</a></li><li><a target="_blank" href="/ajcon-global-services-ltd/stocks/companyid-8341.cms">Ajcon Global Services Ltd.</a></li><li><a target="_blank" href="/ang-industries-ltd/stocks/companyid-7678.cms">ANG Industries Ltd.</a></li><li><a target="_blank" href="/ashiana-ispat-ltd/stocks/companyid-10995.cms">Ashiana Ispat Ltd.</a></li><li><a target="_blank" href="/aplab-ltd/stocks/companyid-65.cms">Aplab Ltd.</a></li><li><a target="_blank" href="/action-financial-services-(india)-ltd/stocks/companyid-8250.cms">Action Financial Services (India) Ltd.</a></li><li><a target="_blank" href="/ashari-agencies-ltd/stocks/companyid-64545.cms">Ashari Agencies Ltd.</a></li><li><a target="_blank" href="/ashirwad-capital-ltd/stocks/companyid-5062.cms">Ashirwad Capital Ltd.</a></li><li><a target="_blank" href="/aadhaar-ventures-india-ltd/stocks/companyid-6051.cms">Aadhaar Ventures India Ltd.</a></li><li><a target="_blank" href="/acrow-india-ltd/stocks/companyid-14.cms">Acrow India Ltd.</a></li><li><a target="_blank" href="/aishwarya-technologies-and-telecom-ltd/stocks/companyid-21255.cms">Aishwarya Technologies And Telecom Ltd.</a></li><li><a target="_blank" href="/advik-laboratories-ltd/stocks/companyid-6035.cms">Advik Laboratories Ltd.</a></li><li><a target="_blank" href="/ashim-investment-company-ltd-(amalgamated)/stocks/companyid-15552.cms">Ashim Investment Company Ltd. (Amalgamated)</a></li><li><a target="_blank" href="/alka-india-ltd/stocks/companyid-7525.cms">Alka India Ltd.</a></li><li><a target="_blank" href="/akashdeep-metal-industries-ltd/stocks/companyid-31157.cms">Akashdeep Metal Industries Ltd.</a></li><li><a target="_blank" href="/ace-software-exports-ltd/stocks/companyid-6379.cms">ACE Software Exports Ltd.</a></li><li><a target="_blank" href="/adinath-exim-resources-ltd/stocks/companyid-6202.cms">Adinath Exim Resources Ltd.</a></li><li><a target="_blank" href="/amforge-industries-ltd/stocks/companyid-42.cms">Amforge Industries Ltd.</a></li><li><a target="_blank" href="/achal-investments-ltd/stocks/companyid-57090.cms">Achal Investments Ltd.</a></li><li><a target="_blank" href="/arnav-corporation-ltd/stocks/companyid-6474.cms">Arnav Corporation Ltd.</a></li><li><a target="_blank" href="/ahmedabad-steelcraft-ltd/stocks/companyid-8385.cms">Ahmedabad Steelcraft Ltd.</a></li><li><a target="_blank" href="/agio-paper-&amp;-industries-ltd/stocks/companyid-13496.cms">Agio Paper &amp; Industries Ltd.</a></li><li><a target="_blank" href="/addi-industries-ltd/stocks/companyid-17.cms">Addi Industries Ltd.</a></li><li><a target="_blank" href="/aurum-soft-systems-ltd/stocks/companyid-7497.cms">Aurum Soft Systems Ltd.</a></li><li><a target="_blank" href="/amit-international-ltd/stocks/companyid-6928.cms">Amit International Ltd.</a></li><li><a target="_blank" href="/anjani-foods-ltd/stocks/companyid-11587.cms">Anjani Foods Ltd.</a></li><li><a target="_blank" href="/available-finance-ltd/stocks/companyid-6873.cms">Available Finance Ltd.</a></li><li><a target="_blank" href="/amber-fabrics-ltd/stocks/companyid-31176.cms">Amber Fabrics Ltd.</a></li><li><a target="_blank" href="/ace-men-engg-works-ltd/stocks/companyid-63889.cms">Ace Men Engg Works Ltd.</a></li><li><a target="_blank" href="/acropetal-technologies-ltd/stocks/companyid-33356.cms">Acropetal Technologies Ltd.</a></li><li><a target="_blank" href="/ador-multiproducts-ltd/stocks/companyid-12291.cms">Ador Multiproducts Ltd.</a></li><li><a target="_blank" href="/ankush-finstock-ltd/stocks/companyid-6227.cms">Ankush Finstock Ltd.</a></li><li><a target="_blank" href="/apollo-finvest-(india)-ltd/stocks/companyid-10882.cms">Apollo Finvest (India) Ltd.</a></li><li><a target="_blank" href="/advance-lifestyles-ltd/stocks/companyid-11329.cms">Advance Lifestyles Ltd.</a></li><li><a target="_blank" href="/abirami-financial-services-(india)-ltd/stocks/companyid-8278.cms">Abirami Financial Services (India) Ltd.</a></li><li><a target="_blank" href="/amarnath-securities-ltd/stocks/companyid-5835.cms">Amarnath Securities Ltd.</a></li><li><a target="_blank" href="/anjani-finance-ltd/stocks/companyid-5857.cms">Anjani Finance Ltd.</a></li><li><a target="_blank" href="/asia-pack-ltd/stocks/companyid-7511.cms">Asia Pack Ltd.</a></li><li><a target="_blank" href="/ajel-ltd/stocks/companyid-7713.cms">Ajel Ltd.</a></li><li><a target="_blank" href="/asahi-infrastructure-&amp;-projects-ltd/stocks/companyid-10257.cms">Asahi Infrastructure &amp; Projects Ltd.</a></li><li><a target="_blank" href="/adarsh-plant-protect-ltd/stocks/companyid-8541.cms">Adarsh Plant Protect Ltd.</a></li><li><a target="_blank" href="/accel-transmatic-ltd/stocks/companyid-8903.cms">Accel Transmatic Ltd.</a></li><li><a target="_blank" href="/anubhav-industrial-resources-ltd/stocks/companyid-61069.cms">Anubhav Industrial Resources Ltd.</a></li><li><a target="_blank" href="/anka-india-ltd/stocks/companyid-6175.cms">Anka India Ltd.</a></li><li><a target="_blank" href="/abc-gas-(international)-ltd/stocks/companyid-13918.cms">ABC Gas (International) Ltd.</a></li><li><a target="_blank" href="/ashish-polyplast-ltd/stocks/companyid-7903.cms">Ashish Polyplast Ltd.</a></li><li><a target="_blank" href="/agrimony-commodities-ltd/stocks/companyid-50711.cms">Agrimony Commodities Ltd.</a></li><li><a target="_blank" href="/axel-polymers-ltd/stocks/companyid-8828.cms">Axel Polymers Ltd.</a></li><li><a target="_blank" href="/alka-diamond-industries-ltd/stocks/companyid-6277.cms">Alka Diamond Industries Ltd.</a></li><li><a target="_blank" href="/abhishek-corporation-ltd/stocks/companyid-16417.cms">Abhishek Corporation Ltd.</a></li><li><a target="_blank" href="/advanced-micronic-devices-ltd/stocks/companyid-8468.cms">Advanced Micronic Devices Ltd.</a></li><li><a target="_blank" href="/arihant-avenues-&amp;-credit-ltd/stocks/companyid-6184.cms">Arihant Avenues &amp; Credit Ltd.</a></li><li><a target="_blank" href="/acil-cotton-industries-ltd/stocks/companyid-7548.cms">ACIL Cotton Industries Ltd.</a></li><li><a target="_blank" href="/amraworld-agrico-ltd/stocks/companyid-5458.cms">Amraworld Agrico Ltd.</a></li><li><a target="_blank" href="/asis-logistics-ltd/stocks/companyid-12305.cms">Asis Logistics Ltd.</a></li><li><a target="_blank" href="/arihants-securities-ltd/stocks/companyid-7454.cms">Arihants Securities Ltd.</a></li><li><a target="_blank" href="/ashoka-refineries-ltd/stocks/companyid-8061.cms">Ashoka Refineries Ltd.</a></li><li><a target="_blank" href="/auroma-coke-ltd/stocks/companyid-6974.cms">Auroma Coke Ltd.</a></li><li><a target="_blank" href="/anna-infrastructures-ltd/stocks/companyid-4481.cms">Anna Infrastructures Ltd.</a></li><li><a target="_blank" href="/aditya-ispat-ltd/stocks/companyid-6712.cms">Aditya Ispat Ltd.</a></li><li><a target="_blank" href="/advent-computer-services-ltd/stocks/companyid-6533.cms">Advent Computer Services Ltd.</a></li><li><a target="_blank" href="/alka-securities-ltd/stocks/companyid-4037.cms">Alka Securities Ltd.</a></li><li><a target="_blank" href="/abhishek-finance-co-ltd/stocks/companyid-6214.cms">Abhishek Finance Co. Ltd.</a></li><li><a target="_blank" href="/amit-securities-ltd/stocks/companyid-4988.cms">Amit Securities Ltd.</a></li><li><a target="_blank" href="/alchemist-corporation-ltd/stocks/companyid-6571.cms">Alchemist Corporation Ltd.</a></li><li><a target="_blank" href="/amit-spinning-industries-ltd/stocks/companyid-10351.cms">Amit Spinning Industries Ltd.</a></li><li><a target="_blank" href="/a-f-enterprises-ltd/stocks/companyid-31928.cms">A F Enterprises Ltd.</a></li><li><a target="_blank" href="/adinath-textiles-ltd/stocks/companyid-18.cms">Adinath Textiles Ltd.</a></li><li><a target="_blank" href="/aravali-securities-&amp;-finance-ltd/stocks/companyid-66.cms">Aravali Securities &amp; Finance Ltd.</a></li><li><a target="_blank" href="/archana-software-ltd/stocks/companyid-7816.cms">Archana Software Ltd.</a></li><li><a target="_blank" href="/aviva-industries-ltd/stocks/companyid-11247.cms">Aviva Industries Ltd.</a></li><li><a target="_blank" href="/advance-petrochemicals-ltd/stocks/companyid-21.cms">Advance Petrochemicals Ltd.</a></li><li><a target="_blank" href="/alan-scott-industries-ltd/stocks/companyid-1816.cms">Alan Scott Industries Ltd.</a></li><li><a target="_blank" href="/arunjyoti-bio-ventures-ltd/stocks/companyid-7566.cms">Arunjyoti Bio Ventures Ltd.</a></li><li><a target="_blank" href="/anshu's-clothing-ltd/stocks/companyid-41564.cms">Anshu's Clothing Ltd.</a></li><li><a target="_blank" href="/advance-powerinfra-tech-ltd/stocks/companyid-7418.cms">Advance Powerinfra Tech Ltd.</a></li><li><a target="_blank" href="/ace-edutrend-ltd/stocks/companyid-7958.cms">ACE Edutrend Ltd.</a></li><li><a target="_blank" href="/avi-products-india-ltd/stocks/companyid-11070.cms">AVI Products India Ltd.</a></li><li><a target="_blank" href="/adarsh-mercantile-ltd/stocks/companyid-56367.cms">Adarsh Mercantile Ltd.</a></li><li><a target="_blank" href="/aananda-lakshmi-spinning-mills-ltd/stocks/companyid-59952.cms">Aananda Lakshmi Spinning Mills Ltd.</a></li><li><a target="_blank" href="/aafloat-textiles-(india)-ltd/stocks/companyid-8467.cms">Aafloat Textiles (India) Ltd.</a></li><li><a target="_blank" href="/abhishek-infraventures-ltd/stocks/companyid-1928.cms">Abhishek Infraventures Ltd.</a></li><li><a target="_blank" href="/atlanta-devcon-ltd/stocks/companyid-8184.cms">Atlanta Devcon Ltd.</a></li><li><a target="_blank" href="/adi-rasayan-ltd/stocks/companyid-6176.cms">Adi Rasayan Ltd.</a></li><li><a target="_blank" href="/aps---star-industries-ltd/stocks/companyid-12683.cms">APS - Star Industries Ltd.</a></li><li><a target="_blank" href="/axon-ventures-ltd/stocks/companyid-2658.cms">Axon Ventures Ltd.</a></li><li><a target="_blank" href="/arcuttipore-tea-company-ltd/stocks/companyid-7922.cms">Arcuttipore Tea Company Ltd.</a></li><li><a target="_blank" href="/ashram-onlinecom-ltd/stocks/companyid-10676.cms">Ashram Online.com Ltd.</a></li><li><a target="_blank" href="/aneri-fincap-ltd/stocks/companyid-7030.cms">Aneri Fincap Ltd.</a></li><li><a target="_blank" href="/ashiana-agro-industries-ltd/stocks/companyid-12193.cms">Ashiana Agro Industries Ltd.</a></li><li><a target="_blank" href="/arcee-industries-ltd/stocks/companyid-10364.cms">Arcee Industries Ltd.</a></li><li><a target="_blank" href="/aadi-industries-ltd/stocks/companyid-8019.cms">Aadi Industries Ltd.</a></li><li><a target="_blank" href="/aarya-global-shares-&amp;-securities-ltd/stocks/companyid-6570.cms">Aarya Global Shares &amp; Securities Ltd.</a></li><li><a target="_blank" href="/arms-paper-ltd/stocks/companyid-3732.cms">Arms Paper Ltd.</a></li><li><a target="_blank" href="/autoriders-finance-ltd/stocks/companyid-11881.cms">Autoriders Finance Ltd.</a></li><li><a target="_blank" href="/atn-international-ltd/stocks/companyid-10557.cms">ATN International Ltd.</a></li><li><a target="_blank" href="/alpine-industries-ltd/stocks/companyid-36.cms">Alpine Industries Ltd.</a></li><li><a target="_blank" href="/asian-petroproducts-&amp;-exports-ltd/stocks/companyid-10646.cms">Asian Petroproducts &amp; Exports Ltd.</a></li><li><a target="_blank" href="/aseem-global-ltd/stocks/companyid-20812.cms">Aseem Global Ltd.</a></li><li><a target="_blank" href="/avery-india-ltd/stocks/companyid-13985.cms">Avery India Ltd.</a></li><li><a target="_blank" href="/anukaran-commercial-enterprises-ltd/stocks/companyid-4592.cms">Anukaran Commercial Enterprises Ltd.</a></li><li><a target="_blank" href="/ags-infotech-ltd/stocks/companyid-33308.cms">AGS Infotech Ltd.</a></li><li><a target="_blank" href="/ahlcon-parenterals-(india)-ltd/stocks/companyid-10577.cms">Ahlcon Parenterals (India) Ltd.</a></li><li><a target="_blank" href="/arihant-cotsyn-ltd/stocks/companyid-67.cms">Arihant Cotsyn Ltd.</a></li><li><a target="_blank" href="/apunka-invest-commercial-ltd/stocks/companyid-63167.cms">Apunka Invest Commercial Ltd.</a></li><li><a target="_blank" href="/ameya-laboratories-ltd/stocks/companyid-21358.cms">Ameya Laboratories Ltd.</a></li><li><a target="_blank" href="/arman-holdings-ltd/stocks/companyid-2520.cms">Arman Holdings Ltd.</a></li><li><a target="_blank" href="/assambrook-ltd/stocks/companyid-12724.cms">Assambrook Ltd.</a></li><li><a target="_blank" href="/alacrity-housing-ltd/stocks/companyid-11076.cms">Alacrity Housing Ltd.</a></li><li><a target="_blank" href="/autopal-industries-ltd/stocks/companyid-11354.cms">Autopal Industries Ltd.</a></li><li><a target="_blank" href="/aec-enterprises-ltd/stocks/companyid-7989.cms">AEC Enterprises Ltd.</a></li><li><a target="_blank" href="/abacus-computers-ltd/stocks/companyid-10.cms">Abacus Computers Ltd.</a></li><li><a target="_blank" href="/abee-info-consumables-ltd/stocks/companyid-7605.cms">Abee Info-Consumables Ltd.</a></li><li><a target="_blank" href="/anand-projects-ltd/stocks/companyid-11885.cms">Anand Projects Ltd.</a></li><li><a target="_blank" href="/ananthi-constructions-ltd/stocks/companyid-8265.cms">Ananthi Constructions Ltd.</a></li><li><a target="_blank" href="/asian-films-production-and-distribution-ltd/stocks/companyid-5329.cms">Asian Films Production and Distribution Ltd.</a></li><li><a target="_blank" href="/apt-packaging-ltd/stocks/companyid-55.cms">Apt Packaging Ltd.</a></li><li><a target="_blank" href="/arihant-tournesol-ltd/stocks/companyid-10659.cms">Arihant Tournesol Ltd.</a></li><li><a target="_blank" href="/alacrity-electronics-ltd/stocks/companyid-10598.cms">Alacrity Electronics Ltd.</a></li><li><a target="_blank" href="/azure-exim-services-ltd/stocks/companyid-6037.cms">Azure Exim Services Ltd.</a></li><li><a target="_blank" href="/adarsh-chemicals-&amp;-fertilisers-ltd/stocks/companyid-16.cms">Adarsh Chemicals &amp; Fertilisers Ltd.</a></li><li><a target="_blank" href="/aurangabad-paper-mills-ltd/stocks/companyid-14018.cms">Aurangabad Paper Mills Ltd.</a></li><li><a target="_blank" href="/alpha-graphic-india-ltd/stocks/companyid-5928.cms">Alpha Graphic India Ltd.</a></li><li><a target="_blank" href="/alert-petrogas-ltd/stocks/companyid-5413.cms">Alert Petrogas Ltd.</a></li><li><a target="_blank" href="/aztecsoft-ltd[merged]/stocks/companyid-3378.cms">Aztecsoft Ltd.[Merged]</a></li><li><a target="_blank" href="/auto-pins-(india)-ltd/stocks/companyid-5608.cms">Auto Pins (India) Ltd.</a></li><li><a target="_blank" href="/aaswa-trading-&amp;-exports-ltd/stocks/companyid-4492.cms">Aaswa Trading &amp; Exports Ltd.</a></li><li><a target="_blank" href="/aasheesh-securities-ltd/stocks/companyid-6507.cms">Aasheesh Securities Ltd.</a></li><li><a target="_blank" href="/aeonian-investments-company-ltd/stocks/companyid-4630.cms">Aeonian Investments Company Ltd.</a></li><li><a target="_blank" href="/alang-marine-ltd/stocks/companyid-9111.cms">Alang Marine Ltd.</a></li><li><a target="_blank" href="/anil-special-steel-industries-ltd/stocks/companyid-57.cms">Anil Special Steel Industries Ltd.</a></li><li><a target="_blank" href="/alpine-capital-services-ltd/stocks/companyid-4827.cms">Alpine Capital Services Ltd.</a></li><li><a target="_blank" href="/aqua-logistics-ltd/stocks/companyid-30953.cms">Aqua Logistics Ltd.</a></li><li><a target="_blank" href="/aarcon-facilities-ltd/stocks/companyid-5452.cms">Aarcon Facilities Ltd.</a></li><li><a target="_blank" href="/apis-india-ltd/stocks/companyid-4065.cms">Apis India Ltd.</a></li><li><a target="_blank" href="/adam-comsof-ltd/stocks/companyid-10457.cms">Adam Comsof Ltd.</a></li><li><a target="_blank" href="/aarv-infratel-ltd/stocks/companyid-8436.cms">Aarv Infratel Ltd.</a></li><li><a target="_blank" href="/arun-processors-ltd/stocks/companyid-10689.cms">Arun Processors Ltd.</a></li><li><a target="_blank" href="/ahimsa-industries-ltd/stocks/companyid-61734.cms">Ahimsa Industries Ltd.</a></li><li><a target="_blank" href="/adinath-bio-labs-ltd/stocks/companyid-2203.cms">Adinath Bio-Labs Ltd.</a></li><li><a target="_blank" href="/advance-multitech-ltd/stocks/companyid-10171.cms">Advance Multitech Ltd.</a></li><li><a target="_blank" href="/avi-polymers-ltd/stocks/companyid-48191.cms">AVI Polymers Ltd.</a></li><li><a target="_blank" href="/akash-agencies-ltd/stocks/companyid-3982.cms">Akash Agencies Ltd.</a></li><li><a target="_blank" href="/adharshila-capital-services-ltd/stocks/companyid-5170.cms">Adharshila Capital Services Ltd.</a></li><li><a target="_blank" href="/alpha-hi-tech-fuel-ltd/stocks/companyid-6915.cms">Alpha Hi-Tech Fuel Ltd.</a></li><li><a target="_blank" href="/ayoki-mercantile-ltd/stocks/companyid-3522.cms">Ayoki Mercantile Ltd.</a></li><li><a target="_blank" href="/anup-malleables-ltd/stocks/companyid-4855.cms">Anup Malleables Ltd.</a></li><li><a target="_blank" href="/archon-industries-ltd/stocks/companyid-3965.cms">Archon Industries Ltd.</a></li><li><a target="_blank" href="/agnite-education-ltd/stocks/companyid-3683.cms">Agnite Education Ltd.</a></li><li><a target="_blank" href="/addlife-pharma-ltd/stocks/companyid-8875.cms">Addlife Pharma Ltd.</a></li><li><a target="_blank" href="/ankur-drugs-&amp;-pharma-ltd/stocks/companyid-6127.cms">Ankur Drugs &amp; Pharma Ltd.</a></li><li><a target="_blank" href="/aruna-hotels-ltd/stocks/companyid-71.cms">Aruna Hotels Ltd.</a></li><li><a target="_blank" href="/apex-intertech-ltd/stocks/companyid-10445.cms">Apex Intertech Ltd.</a></li><li><a target="_blank" href="/amar-remedies-ltd/stocks/companyid-3287.cms">Amar Remedies Ltd.</a></li><li><a target="_blank" href="/amrit-banaspati-company-ltd/stocks/companyid-6024.cms">Amrit Banaspati Company Ltd.</a></li><li><a target="_blank" href="/aftek-ltd/stocks/companyid-7712.cms">Aftek Ltd.</a></li><li><a target="_blank" href="/ami-computers-(i)-ltd/stocks/companyid-8172.cms">Ami Computers (I) Ltd.</a></li><li><a target="_blank" href="/amison-foods-ltd/stocks/companyid-10231.cms">Amison Foods Ltd.</a></li><li><a target="_blank" href="/arihant-industries-ltd/stocks/companyid-68.cms">Arihant Industries Ltd.</a></li><li><a target="_blank" href="/ari-consolidated-investments-ltd/stocks/companyid-12643.cms">Ari Consolidated Investments Ltd.</a></li><li><a target="_blank" href="/ads-diagnostic-ltd/stocks/companyid-12087.cms">ADS Diagnostic Ltd.</a></li><li><a target="_blank" href="/adhiraj-distributors-ltd/stocks/companyid-59057.cms">Adhiraj Distributors Ltd.</a></li><li><a target="_blank" href="/apeejay-tea-ltd(old)/stocks/companyid-14035.cms">Apeejay Tea Ltd.(Old)</a></li><li><a target="_blank" href="/apex-buildsys-ltd/stocks/companyid-6089.cms">Apex Buildsys Ltd.</a></li><li><a target="_blank" href="/aml-steel-ltd/stocks/companyid-6627.cms">AML Steel Ltd.</a></li><li><a target="_blank" href="/aastha-broadcasting-network-ltd/stocks/companyid-4147.cms">Aastha Broadcasting Network Ltd.</a></li><li><a target="_blank" href="/agro-dutch-industries-ltd/stocks/companyid-10611.cms">Agro Dutch Industries Ltd.</a></li><li><a target="_blank" href="/asahi-industries-ltd/stocks/companyid-8518.cms">Asahi Industries Ltd.</a></li><li><a target="_blank" href="/apoorva-leasing-finance-&amp;-investment-co-ltd/stocks/companyid-63449.cms">Apoorva Leasing Finance &amp; Investment Co. Ltd.</a></li><li><a target="_blank" href="/arvind-international-ltd/stocks/companyid-8430.cms">Arvind International Ltd.</a></li><li><a target="_blank" href="/atlantic-spinning-and-weaving-mills-ltd/stocks/companyid-8631.cms">Atlantic Spinning and Weaving Mills Ltd.</a></li><li><a target="_blank" href="/arvind-products-ltd[amalgamated]/stocks/companyid-9397.cms">Arvind Products Ltd.[Amalgamated]</a></li><li><a target="_blank" href="/amrapali-developers-(india)-ltd[amalgamated]/stocks/companyid-10327.cms">Amrapali Developers (India) Ltd.[Amalgamated]</a></li><li><a target="_blank" href="/aditya-info-soft-ltd/stocks/companyid-7692.cms">Aditya Info-Soft Ltd.</a></li><li><a target="_blank" href="/abn-intercorp-ltd/stocks/companyid-60133.cms">ABN Intercorp Ltd.</a></li><li><a target="_blank" href="/aramusk-infrastructure-investments-ltd/stocks/companyid-5353.cms">Aramusk Infrastructure Investments Ltd.</a></li><li><a target="_blank" href="/ambitious-plastomac-company-ltd/stocks/companyid-10361.cms">Ambitious Plastomac Company Ltd.</a></li><li><a target="_blank" href="/arora-fibres-ltd/stocks/companyid-9108.cms">Arora Fibres Ltd.</a></li><li><a target="_blank" href="/arunoday-mills-ltd/stocks/companyid-14036.cms">Arunoday Mills Ltd.</a></li><li><a target="_blank" href="/autumn-builders-ltd/stocks/companyid-53036.cms">Autumn Builders Ltd.</a></li><li><a target="_blank" href="/arun-mantex-ltd/stocks/companyid-10182.cms">Arun Mantex Ltd.</a></li><li><a target="_blank" href="/asian-electronics-ltd/stocks/companyid-14032.cms">Asian Electronics Ltd.</a></li><li><a target="_blank" href="/advanta-ltd/stocks/companyid-18375.cms">Advanta Ltd.</a></li><li><a target="_blank" href="/abhijit-trading-company-ltd/stocks/companyid-63562.cms">Abhijit Trading Company Ltd.</a></li><li><a target="_blank" href="/aikyam-intellectual-property-consultancyltd/stocks/companyid-11939.cms">Aikyam Intellectual Property Consultancy&nbsp;Ltd.</a></li><li><a target="_blank" href="/anand-credit-ltd/stocks/companyid-6147.cms">Anand Credit Ltd.</a></li><li><a target="_blank" href="/accurate-exports-ltd/stocks/companyid-5757.cms">Accurate Exports Ltd.</a></li><li><a target="_blank" href="/accurate-transformers-ltd/stocks/companyid-7849.cms">Accurate Transformers Ltd.</a></li><li><a target="_blank" href="/amalgamated-electricity-company-ltd/stocks/companyid-12547.cms">Amalgamated Electricity Company Ltd.</a></li><li><a target="_blank" href="/aris-international-ltd/stocks/companyid-6113.cms">Aris International Ltd.</a></li><li><a target="_blank" href="/alcobex-metals-ltd/stocks/companyid-10968.cms">Alcobex Metals Ltd.</a></li><li><a target="_blank" href="/atcom-technologies-ltd/stocks/companyid-10688.cms">Atcom Technologies Ltd.</a></li><li><a target="_blank" href="/amani-trading-&amp;-exports-ltd/stocks/companyid-9008.cms">Amani Trading &amp; Exports Ltd.</a></li><li><a target="_blank" href="/aashee-infotech-ltd/stocks/companyid-8185.cms">Aashee Infotech Ltd.</a></li><li><a target="_blank" href="/aditya-birla-chemicals-(india)-ltd/stocks/companyid-13947.cms">Aditya Birla Chemicals (India) Ltd.</a></li><li><a target="_blank" href="/adcon-capital-services-ltd/stocks/companyid-8463.cms">Adcon Capital Services Ltd.</a></li><li><a target="_blank" href="/athena-financial-services-ltd/stocks/companyid-8314.cms">Athena Financial Services Ltd.</a></li><li><a target="_blank" href="/aakar-engineering-&amp;-manufacturing-company-ltd/stocks/companyid-10487.cms">Aakar Engineering &amp; Manufacturing Company Ltd.</a></li><li><a target="_blank" href="/antariksh-industries-ltd/stocks/companyid-4013.cms">Antariksh Industries Ltd.</a></li><li><a target="_blank" href="/alsa-marine-&amp;-harvests-ltd/stocks/companyid-12201.cms">Alsa Marine &amp; Harvests Ltd.</a></li><li><a target="_blank" href="/avtil-enterprise-ltd/stocks/companyid-29936.cms">AVTIL Enterprise Ltd.</a></li><li><a target="_blank" href="/atlanta-infrastructure-and-finance-ltd/stocks/companyid-7824.cms">Atlanta Infrastructure and Finance Ltd.</a></li><li><a target="_blank" href="/ace-tours-worldwide-ltd/stocks/companyid-46765.cms">Ace Tours Worldwide Ltd.</a></li><li><a target="_blank" href="/avon-corporation-ltd/stocks/companyid-21474.cms">Avon Corporation Ltd.</a></li><li><a target="_blank" href="/ambica-agarbathies-&amp;-aroma-industries-ltd/stocks/companyid-5810.cms">Ambica Agarbathies &amp; Aroma Industries Ltd.</a></li><li><a target="_blank" href="/arihant-multi-commercial-ltd/stocks/companyid-3912.cms">Arihant Multi Commercial Ltd.</a></li><li><a target="_blank" href="/allied-resins-&amp;-chemicals-ltd[amalgamated]/stocks/companyid-10377.cms">Allied Resins &amp; Chemicals Ltd.[Amalgamated]</a></li><li><a target="_blank" href="/artemis-global-life-sciences-ltd/stocks/companyid-64544.cms">Artemis Global Life Sciences Ltd.</a></li><li><a target="_blank" href="/ardi-investment-&amp;-trading-company-ltd/stocks/companyid-3915.cms">Ardi Investment &amp; Trading Company Ltd.</a></li><li><a target="_blank" href="/aditya-forge-ltd/stocks/companyid-10858.cms">Aditya Forge Ltd.</a></li><li><a target="_blank" href="/acclaim-industries-ltd/stocks/companyid-10606.cms">Acclaim Industries Ltd.</a></li><li><a target="_blank" href="/arvind-remedies-ltd/stocks/companyid-5873.cms">Arvind Remedies Ltd.</a></li><li><a target="_blank" href="/autoriders-international-ltd/stocks/companyid-4580.cms">Autoriders International Ltd.</a></li><li><a target="_blank" href="/alna-trading-&amp;-exports-ltd/stocks/companyid-3909.cms">Alna Trading &amp; Exports Ltd.</a></li><li><a target="_blank" href="/abl-bio-technologies-ltd/stocks/companyid-8118.cms">ABL Bio-Technologies Ltd.</a></li><li><a target="_blank" href="/alps-bpo-services-ltd/stocks/companyid-5801.cms">Alps BPO Services Ltd.</a></li><li><a target="_blank" href="/allied-herbals-ltd/stocks/companyid-11555.cms">Allied Herbals Ltd.</a></li><li><a target="_blank" href="/assam-petro-chemicals-ltd/stocks/companyid-7191.cms">Assam Petro-Chemicals Ltd.</a></li><li><a target="_blank" href="/axis-rail-india-ltd/stocks/companyid-8416.cms">Axis Rail India Ltd.</a></li><li><a target="_blank" href="/ashco-niulab-industries-ltd/stocks/companyid-8365.cms">Ashco Niulab Industries Ltd.</a></li><li><a target="_blank" href="/ascent-exim-(india)-ltd/stocks/companyid-3967.cms">Ascent Exim (India) Ltd.</a></li><li><a target="_blank" href="/allsoft-corporation-ltd/stocks/companyid-3793.cms">Allsoft Corporation Ltd.</a></li><li><a target="_blank" href="/alang-industrial-gases-ltd/stocks/companyid-6283.cms">Alang Industrial Gases Ltd.</a></li><li><a target="_blank" href="/amradeep-industries-ltd/stocks/companyid-5937.cms">Amradeep Industries Ltd.</a></li><li><a target="_blank" href="/anshuni-commercials-ltd/stocks/companyid-3861.cms">Anshuni Commercials Ltd.</a></li><li><a target="_blank" href="/alstone-textiles-(india)-ltd/stocks/companyid-61337.cms">Alstone Textiles (India) Ltd.</a></li><li><a target="_blank" href="/accentia-technologies-ltd/stocks/companyid-5686.cms">Accentia Technologies Ltd.</a></li><li><a target="_blank" href="/asian-flora-ltd/stocks/companyid-6489.cms">Asian Flora Ltd.</a></li><li><a target="_blank" href="/aar-commercial-company-ltd/stocks/companyid-31171.cms">AAR Commercial Company Ltd.</a></li><li><a target="_blank" href="/alfa-laval-(india)-ltd/stocks/companyid-33.cms">Alfa Laval (India) Ltd.</a></li><li><a target="_blank" href="/abans-enterprises-ltd/stocks/companyid-33922.cms">Abans Enterprises Ltd.</a></li><li><a target="_blank" href="/asian-fertilizers-ltd/stocks/companyid-10365.cms">Asian Fertilizers Ltd.</a></li><li><a target="_blank" href="/asia-capital-ltd/stocks/companyid-26245.cms">Asia Capital Ltd.</a></li><li><a target="_blank" href="/aagam-capital-ltd/stocks/companyid-5618.cms">Aagam Capital Ltd.</a></li><li><a target="_blank" href="/artillegence-bio-innovations-ltd/stocks/companyid-4566.cms">Artillegence Bio-Innovations Ltd.</a></li></ul>

Add https://economictimes.indiatimes.com to the href (above) in the python code to pull each stock page
https://economictimes.indiatimes.com/axis-bank-ltd/stocks/companyid-9175.cms




NSE Bid Price:
<span style="" class="nse_tab bid tar">824.45(418)</span>

NSE Current Trade Price:
<div class="value" id="nseTradeprice">824.45</div>

NSE Open Price:
<p class="data" id="nseOpenprice">825.40</p>

NSE Prev Close:
<p class="data" id="nseCloseprice">825.00</p>

NSE Volume:
<p class="data" id="nseVolume">351,922</p>

Economic Times Rank:
<div class="flt rankText">221</div>

NSE Day's  Change points:
<span id="nseNetchange">-0.55</span>

NSE Days Change %:
<span id="nsePercentChange">(-0.07%)</span>

NSE 52 Week L/H
<span class="wk_lh tar nse_tab" style="display: inline-block;">10705.00 / 20100.00</span>


P/E:
<span class="p_e tar">32.1</span>

P/B:
<span class="p_b tar">5.45</span>

Face Value:
<span class="face_value tar">1</span>

EPS TTM:
<span class="eps_ttm tar">229.56</span>

Book Value/Share:
<span class="bv_sh tar">1088.67</span>

BSE%
<span id="bsePercentChange">(3.73%)</span>